rerun_id,num_decoders_used,pair_id,euclidean_distance,geodesic_distance
0,1,0,3.8971431255340576,16.822816994512525
0,1,1,2.8156497478485107,16.64342607733747
0,1,2,5.1926045417785645,28.285547627540176
0,1,3,6.702322483062744,32.276278885753506
0,1,4,4.4744086265563965,21.529821960308407
0,1,5,7.750249862670898,35.84740064234086
0,1,6,1.032332420349121,4.696198797121971
0,1,7,0.4806210696697235,0.9303155588773107
0,1,8,3.103830575942993,5.624482194591374
0,1,9,3.0463178157806396,18.100185060345378
0,1,10,1.4601259231567383,10.579051034983301
0,1,11,1.6825759410858154,4.839309330361294
0,1,12,3.6930160522460938,15.583955368166073
0,1,13,7.230700969696045,25.29301309117735
0,1,14,3.9252045154571533,16.373539750312947
0,1,15,3.911348581314087,9.884907062500757
0,1,16,0.8063133955001831,4.099919918487762
0,1,17,5.034630298614502,25.67492159912263
0,1,18,3.4098048210144043,5.61288758704638
0,1,19,2.5965211391448975,16.812000820307833
0,1,20,7.588187217712402,38.056661023297714
0,1,21,1.9229636192321777,8.662177855211269
0,1,22,5.581192970275879,27.468913315427475
0,1,23,3.0790607929229736,21.245903068987133
0,1,24,2.4387407302856445,8.524767973754338
0,2,0,3.8971431255340576,19.89216381272645
0,2,1,2.8156497478485107,21.146825587351756
0,2,2,5.1926045417785645,31.58553653437064
0,2,3,6.702322483062744,33.435329587854184
0,2,4,4.4744086265563965,28.119429786945695
0,2,5,7.750249862670898,39.48943255103984
0,2,6,1.032332420349121,16.28629135600897
0,2,7,0.4806210696697235,8.99737213764668
0,2,8,3.103830575942993,10.61890191502207
0,2,9,3.0463178157806396,23.042932660698135
0,2,10,1.4601259231567383,15.366562427710583
0,2,11,1.6825759410858154,15.259276523463727
0,2,12,3.6930160522460938,19.687967349363657
0,2,13,7.230700969696045,27.59754096976984
0,2,14,3.9252045154571533,24.530553334056695
0,2,15,3.911348581314087,18.36242577711131
0,2,16,0.8063133955001831,13.100213761078004
0,2,17,5.034630298614502,28.77981533985397
0,2,18,3.4098048210144043,12.454155432980116
0,2,19,2.5965211391448975,20.358453877618246
0,2,20,7.588187217712402,39.970266353663604
0,2,21,1.9229636192321777,13.746329632637966
0,2,22,5.581192970275879,29.77493600269938
0,2,23,3.0790607929229736,24.779258619152507
0,2,24,2.4387407302856445,13.70063158793065
0,3,0,3.8971431255340576,21.85310218141058
0,3,1,2.8156497478485107,22.702169252508256
0,3,2,5.1926045417785645,32.21509360314471
0,3,3,6.702322483062744,35.91480601389384
0,3,4,4.4744086265563965,27.560732830253716
0,3,5,7.750249862670898,39.08688926109847
0,3,6,1.032332420349121,16.56514111459617
0,3,7,0.4806210696697235,9.861709342564632
0,3,8,3.103830575942993,13.399496017771469
0,3,9,3.0463178157806396,22.66494310595316
0,3,10,1.4601259231567383,18.603268637632105
0,3,11,1.6825759410858154,17.80059395131329
0,3,12,3.6930160522460938,20.07344607447081
0,3,13,7.230700969696045,28.921070947089124
0,3,14,3.9252045154571533,22.96369789250933
0,3,15,3.911348581314087,18.139321187534314
0,3,16,0.8063133955001831,14.062925883307999
0,3,17,5.034630298614502,28.660417925495477
0,3,18,3.4098048210144043,12.171161047939625
0,3,19,2.5965211391448975,21.564181320319697
0,3,20,7.588187217712402,40.82830588603252
0,3,21,1.9229636192321777,14.003907884414131
0,3,22,5.581192970275879,29.65602258046363
0,3,23,3.0790607929229736,25.541767694751595
0,3,24,2.4387407302856445,14.993021549722046
1,1,0,4.851716995239258,22.241832820099734
1,1,1,3.4233827590942383,21.418007577363127
1,1,2,5.577189922332764,29.186205555477102
1,1,3,5.605469703674316,19.834270465840415
1,1,4,4.111230373382568,19.566794219676257
1,1,5,8.676095008850098,31.836296010251314
1,1,6,0.8979175090789795,5.857402662835281
1,1,7,0.6336327195167542,1.5326305316389337
1,1,8,4.079883575439453,4.7179190807251565
1,1,9,2.666029930114746,17.736062178830117
1,1,10,2.937614679336548,12.51864819916172
1,1,11,1.9390636682510376,4.396988028542326
1,1,12,3.947903633117676,15.905831741799531
1,1,13,7.824583053588867,30.211277918627715
1,1,14,4.278492450714111,15.328624721084529
1,1,15,6.117247581481934,11.508155253084725
1,1,16,0.9702889919281006,6.020295467793192
1,1,17,3.8185625076293945,18.271983662506123
1,1,18,2.9699294567108154,6.293159088912291
1,1,19,3.222748041152954,15.821687826021044
1,1,20,7.781919002532959,26.208316513889013
1,1,21,2.6037356853485107,8.77448748099849
1,1,22,5.8510589599609375,25.802129329372946
1,1,23,3.2739145755767822,20.448881847153114
1,1,24,2.982463836669922,14.65054568163013
1,2,0,4.851716995239258,25.17646703148597
1,2,1,3.4233827590942383,24.02182286240602
1,2,2,5.577189922332764,32.53327060547498
1,2,3,5.605469703674316,25.627939046392807
1,2,4,4.111230373382568,22.629194513635202
1,2,5,8.676095008850098,38.23671197394103
1,2,6,0.8979175090789795,12.570563162704328
1,2,7,0.6336327195167542,11.212244384301512
1,2,8,4.079883575439453,11.527840790072094
1,2,9,2.666029930114746,20.293499978008274
1,2,10,2.937614679336548,21.159827060966258
1,2,11,1.9390636682510376,11.919192671094132
1,2,12,3.947903633117676,22.660394286911277
1,2,13,7.824583053588867,32.676513225886914
1,2,14,4.278492450714111,20.31681369460211
1,2,15,6.117247581481934,17.38328738817609
1,2,16,0.9702889919281006,10.073549636682932
1,2,17,3.8185625076293945,20.27992806145363
1,2,18,2.9699294567108154,13.904048719735602
1,2,19,3.222748041152954,20.210100968385678
1,2,20,7.781919002532959,35.40165563472544
1,2,21,2.6037356853485107,13.52259348897129
1,2,22,5.8510589599609375,29.602060442169815
1,2,23,3.2739145755767822,23.00574454840709
1,2,24,2.982463836669922,21.635154148272928
1,3,0,4.851716995239258,27.635367955062925
1,3,1,3.4233827590942383,27.206009100056257
1,3,2,5.577189922332764,33.334012240807624
1,3,3,5.605469703674316,25.872782589165976
1,3,4,4.111230373382568,24.893664234960845
1,3,5,8.676095008850098,36.36213293955764
1,3,6,0.8979175090789795,13.951209471853652
1,3,7,0.6336327195167542,10.619104522480933
1,3,8,4.079883575439453,14.32976440236016
1,3,9,2.666029930114746,21.92496804177403
1,3,10,2.937614679336548,21.83208611495611
1,3,11,1.9390636682510376,18.363887410889987
1,3,12,3.947903633117676,21.99346549350653
1,3,13,7.824583053588867,35.949559797157114
1,3,14,4.278492450714111,21.544552794777456
1,3,15,6.117247581481934,15.262627048572867
1,3,16,0.9702889919281006,16.235843067043245
1,3,17,3.8185625076293945,24.549033164197628
1,3,18,2.9699294567108154,15.418839145212505
1,3,19,3.222748041152954,21.697636854467802
1,3,20,7.781919002532959,33.460077439040134
1,3,21,2.6037356853485107,14.674977000021904
1,3,22,5.8510589599609375,28.41786216689635
1,3,23,3.2739145755767822,24.24491530133174
1,3,24,2.982463836669922,22.19148566754404
2,1,0,3.517927885055542,16.271260130979407
2,1,1,3.109287738800049,17.922755332018742
2,1,2,5.328708648681641,29.61483912313323
2,1,3,6.6239848136901855,32.53225375192576
2,1,4,3.6296026706695557,15.05206418503684
2,1,5,8.132181167602539,36.191174994201795
2,1,6,1.06390380859375,5.171368807542924
2,1,7,0.9099880456924438,1.7092225001512218
2,1,8,3.612412691116333,7.203413885120152
2,1,9,2.6739892959594727,16.2298750455492
2,1,10,2.028276205062866,11.03581061389519
2,1,11,2.082831382751465,4.172983315224913
2,1,12,4.029919147491455,18.409499394843685
2,1,13,6.940706729888916,25.172048368040468
2,1,14,4.4331746101379395,18.395581817923613
2,1,15,4.267650127410889,10.894539653546419
2,1,16,0.7474685311317444,3.919109935140353
2,1,17,4.654187202453613,24.588897730511682
2,1,18,3.1858913898468018,6.165543256276735
2,1,19,3.063213348388672,16.04582708664565
2,1,20,8.353732109069824,37.28601545140199
2,1,21,2.3506150245666504,9.196729526542303
2,1,22,5.157380104064941,27.23304374973536
2,1,23,3.5528385639190674,22.08395319614519
2,1,24,2.5636417865753174,9.317958384201285
2,2,0,3.517927885055542,21.233953184046197
2,2,1,3.109287738800049,23.37199700797142
2,2,2,5.328708648681641,31.993193856271994
2,2,3,6.6239848136901855,33.11337686704668
2,2,4,3.6296026706695557,20.02744622499139
2,2,5,8.132181167602539,39.2059444357812
2,2,6,1.06390380859375,13.593365543234398
2,2,7,0.9099880456924438,10.056493636950183
2,2,8,3.612412691116333,16.216376158466804
2,2,9,2.6739892959594727,18.924573055475552
2,2,10,2.028276205062866,17.562074269194934
2,2,11,2.082831382751465,14.233314784541912
2,2,12,4.029919147491455,20.720398896254913
2,2,13,6.940706729888916,27.747582682579083
2,2,14,4.4331746101379395,21.53265810322159
2,2,15,4.267650127410889,15.786399801765185
2,2,16,0.7474685311317444,12.948222411707595
2,2,17,4.654187202453613,27.617795254981772
2,2,18,3.1858913898468018,16.12062664016149
2,2,19,3.063213348388672,21.286813958089834
2,2,20,8.353732109069824,38.78897202280485
2,2,21,2.3506150245666504,13.984481384895622
2,2,22,5.157380104064941,30.14515258892174
2,2,23,3.5528385639190674,23.780088619391094
2,2,24,2.5636417865753174,15.681386539112621
2,3,0,3.517927885055542,22.33580975064027
2,3,1,3.109287738800049,24.444925492302463
2,3,2,5.328708648681641,31.762956033350587
2,3,3,6.6239848136901855,36.48919099638018
2,3,4,3.6296026706695557,20.621561029584424
2,3,5,8.132181167602539,37.75112206010405
2,3,6,1.06390380859375,16.436637594712668
2,3,7,0.9099880456924438,9.309215811411695
2,3,8,3.612412691116333,18.49163959369967
2,3,9,2.6739892959594727,20.65003585258124
2,3,10,2.028276205062866,17.724969112224056
2,3,11,2.082831382751465,16.268301180240535
2,3,12,4.029919147491455,23.840584601076664
2,3,13,6.940706729888916,29.03569727608748
2,3,14,4.4331746101379395,22.062940555312785
2,3,15,4.267650127410889,18.09203039243255
2,3,16,0.7474685311317444,17.467204726767157
2,3,17,4.654187202453613,29.38404323898113
2,3,18,3.1858913898468018,13.579447059666643
2,3,19,3.063213348388672,21.27746530452244
2,3,20,8.353732109069824,40.53056030157213
2,3,21,2.3506150245666504,15.545307022846808
2,3,22,5.157380104064941,32.574100470839944
2,3,23,3.5528385639190674,26.52926344336865
2,3,24,2.5636417865753174,16.232465938342614
3,1,0,4.372599124908447,16.497539914853594
3,1,1,3.1327881813049316,20.863717507959915
3,1,2,5.773940086364746,31.951250136010426
3,1,3,6.24824333190918,24.466796797043386
3,1,4,3.1464576721191406,16.588336643487082
3,1,5,9.213025093078613,38.60436658126416
3,1,6,1.1284295320510864,5.469170428872528
3,1,7,0.6565358638763428,1.5761457060540585
3,1,8,3.7870500087738037,4.830634690120897
3,1,9,3.015852212905884,19.15230988996089
3,1,10,1.8011281490325928,8.530596697599169
3,1,11,1.8992074728012085,3.9744994802067923
3,1,12,4.095162391662598,15.911970687417273
3,1,13,7.617608070373535,29.79759294658138
3,1,14,4.125000953674316,13.697567934110431
3,1,15,5.721506595611572,10.925484122367552
3,1,16,0.6900452971458435,2.9336935501291435
3,1,17,3.8775272369384766,20.396542633888117
3,1,18,2.928605794906616,6.196664515934914
3,1,19,3.9474356174468994,20.51478899191538
3,1,20,8.359569549560547,31.01243095959163
3,1,21,2.9460666179656982,9.478560498876366
3,1,22,5.792105197906494,27.324257561176868
3,1,23,3.592716932296753,21.362905906718236
3,1,24,4.049766540527344,17.976199203195563
3,2,0,4.372599124908447,19.355743486319586
3,2,1,3.1327881813049316,24.034226489919536
3,2,2,5.773940086364746,34.63217011726597
3,2,3,6.24824333190918,27.325431363818396
3,2,4,3.1464576721191406,20.347865097195623
3,2,5,9.213025093078613,40.37878815916997
3,2,6,1.1284295320510864,11.784470014409125
3,2,7,0.6565358638763428,8.712112799076245
3,2,8,3.7870500087738037,13.135295208886985
3,2,9,3.015852212905884,21.093023714348366
3,2,10,1.8011281490325928,14.289099341293403
3,2,11,1.8992074728012085,16.99847495026438
3,2,12,4.095162391662598,19.744504526180823
3,2,13,7.617608070373535,33.80329089875625
3,2,14,4.125000953674316,19.268810247128485
3,2,15,5.721506595611572,12.876789450129591
3,2,16,0.6900452971458435,12.749055116833965
3,2,17,3.8775272369384766,24.68856183436408
3,2,18,2.928605794906616,10.243531954331672
3,2,19,3.9474356174468994,22.38780757963263
3,2,20,8.359569549560547,35.314238756971314
3,2,21,2.9460666179656982,13.361679717134416
3,2,22,5.792105197906494,28.73051203472266
3,2,23,3.592716932296753,23.57004837024696
3,2,24,4.049766540527344,21.16333430133352
3,3,0,4.372599124908447,19.694505202117924
3,3,1,3.1327881813049316,25.653119099463325
3,3,2,5.773940086364746,34.82598166632834
3,3,3,6.24824333190918,26.68381648137535
3,3,4,3.1464576721191406,22.24415288669102
3,3,5,9.213025093078613,42.95683925828924
3,3,6,1.1284295320510864,16.547776843341563
3,3,7,0.6565358638763428,10.390858491267547
3,3,8,3.7870500087738037,13.51294229155886
3,3,9,3.015852212905884,24.349957087359517
3,3,10,1.8011281490325928,16.57364104210593
3,3,11,1.8992074728012085,18.534407502658652
3,3,12,4.095162391662598,18.67640913175337
3,3,13,7.617608070373535,33.980610423675806
3,3,14,4.125000953674316,20.19599853767062
3,3,15,5.721506595611572,14.44387214374604
3,3,16,0.6900452971458435,9.907161442075902
3,3,17,3.8775272369384766,24.98501748314002
3,3,18,2.928605794906616,11.10981485646901
3,3,19,3.9474356174468994,22.80153980074934
3,3,20,8.359569549560547,36.9936864466636
3,3,21,2.9460666179656982,14.248454763052926
3,3,22,5.792105197906494,29.845217364122494
3,3,23,3.592716932296753,25.124621032589726
3,3,24,4.049766540527344,22.78796840234447
4,1,0,5.423480033874512,19.7573985474627
4,1,1,3.292539358139038,21.862753966193925
4,1,2,5.145800590515137,25.86608202296494
4,1,3,4.217655181884766,16.408745159963004
4,1,4,4.172432899475098,20.89194700613208
4,1,5,8.04224967956543,26.726183404940766
4,1,6,0.8172687292098999,6.219482378749079
4,1,7,0.3825235366821289,1.199949557515763
4,1,8,3.117255210876465,3.854512352089705
4,1,9,2.503331184387207,15.748004605277824
4,1,10,2.6498801708221436,14.795679771223021
4,1,11,1.5711866617202759,4.304299117220239
4,1,12,5.124648094177246,18.365204360452182
4,1,13,8.398327827453613,29.281157242048916
4,1,14,5.577530860900879,23.210110480470036
4,1,15,5.734355926513672,10.47421695814205
4,1,16,0.9212654829025269,5.174060555662931
4,1,17,2.7869772911071777,14.70527929887129
4,1,18,3.2760097980499268,5.685041965406896
4,1,19,3.5053534507751465,15.811750190658746
4,1,20,7.15347957611084,22.421015472419022
4,1,21,2.248197555541992,8.607274070874723
4,1,22,5.046722888946533,22.46139197909764
4,1,23,3.4085824489593506,20.967766137499602
4,1,24,2.56691575050354,8.077408602028319
4,2,0,5.423480033874512,25.98822459081829
4,2,1,3.292539358139038,28.40816223624163
4,2,2,5.145800590515137,31.575264281603804
4,2,3,4.217655181884766,23.02670462694483
4,2,4,4.172432899475098,28.44833885130092
4,2,5,8.04224967956543,32.11898046716303
4,2,6,0.8172687292098999,18.55685266972445
4,2,7,0.3825235366821289,16.438857105931017
4,2,8,3.117255210876465,14.745496159248827
4,2,9,2.503331184387207,21.443913604192275
4,2,10,2.6498801708221436,18.81928685846858
4,2,11,1.5711866617202759,14.995196272636207
4,2,12,5.124648094177246,26.61307111551049
4,2,13,8.398327827453613,37.1732509465812
4,2,14,5.577530860900879,30.574039831548166
4,2,15,5.734355926513672,16.553596147367987
4,2,16,0.9212654829025269,12.664914327844489
4,2,17,2.7869772911071777,22.553665925513915
4,2,18,3.2760097980499268,13.637555138522814
4,2,19,3.5053534507751465,23.029459786682065
4,2,20,7.15347957611084,30.87225799122187
4,2,21,2.248197555541992,18.006171969741548
4,2,22,5.046722888946533,25.0537605554286
4,2,23,3.4085824489593506,27.582670482342714
4,2,24,2.56691575050354,20.225657207434725
4,3,0,5.423480033874512,27.78339747570424
4,3,1,3.292539358139038,28.15898445899139
4,3,2,5.145800590515137,32.39254697626254
4,3,3,4.217655181884766,24.598152202896767
4,3,4,4.172432899475098,29.12254801239711
4,3,5,8.04224967956543,35.2436933354306
4,3,6,0.8172687292098999,19.771520551094287
4,3,7,0.3825235366821289,16.97026153632666
4,3,8,3.117255210876465,17.51521032626892
4,3,9,2.503331184387207,25.127686617864864
4,3,10,2.6498801708221436,21.677941934231356
4,3,11,1.5711866617202759,21.669416204245387
4,3,12,5.124648094177246,25.543816712966468
4,3,13,8.398327827453613,33.28289315192566
4,3,14,5.577530860900879,29.140933937705544
4,3,15,5.734355926513672,24.060767490389047
4,3,16,0.9212654829025269,15.827133946021702
4,3,17,2.7869772911071777,21.3241618627882
4,3,18,3.2760097980499268,18.156508846046435
4,3,19,3.5053534507751465,23.74985094525595
4,3,20,7.15347957611084,34.70257097993155
4,3,21,2.248197555541992,18.38696563794836
4,3,22,5.046722888946533,27.879593406569345
4,3,23,3.4085824489593506,27.13897541942964
4,3,24,2.56691575050354,18.945621775826105
5,1,0,5.696259021759033,22.476992224124636
5,1,1,3.6523239612579346,23.42365476476851
5,1,2,4.105678558349609,21.626702566873565
5,1,3,3.857574224472046,13.454526821564091
5,1,4,2.148411989212036,13.620561629267703
5,1,5,5.817699909210205,20.082236021252246
5,1,6,0.63885897397995,5.157607206264957
5,1,7,0.5924889445304871,1.6331888157624392
5,1,8,3.745248794555664,6.663054377696217
5,1,9,3.304764986038208,17.389130698659958
5,1,10,1.801061987876892,8.923112292434654
5,1,11,0.9516856074333191,5.6623775106827985
5,1,12,5.963393211364746,21.573772811908533
5,1,13,7.163039207458496,24.718096892051452
5,1,14,2.856274366378784,15.145413833258702
5,1,15,4.540333271026611,9.74034188048502
5,1,16,0.3366908133029938,2.680052262551028
5,1,17,4.4168314933776855,20.350086168861253
5,1,18,3.160351514816284,5.902099119578897
5,1,19,4.641585350036621,15.586527831865428
5,1,20,5.262000560760498,17.831147722498475
5,1,21,2.3534934520721436,9.133388478282026
5,1,22,5.352375030517578,23.76317351549123
5,1,23,2.546273708343506,18.534384451133572
5,1,24,1.8061171770095825,7.462648844552422
5,2,0,5.696259021759033,26.02246648968985
5,2,1,3.6523239612579346,26.731042722264526
5,2,2,4.105678558349609,23.990584751903846
5,2,3,3.857574224472046,18.893448662003188
5,2,4,2.148411989212036,17.940683753550807
5,2,5,5.817699909210205,23.92947069767933
5,2,6,0.63885897397995,10.619637605910071
5,2,7,0.5924889445304871,10.078648847819645
5,2,8,3.745248794555664,18.34848330515657
5,2,9,3.304764986038208,21.209468468926207
5,2,10,1.801061987876892,15.701519662967737
5,2,11,0.9516856074333191,13.692949159675322
5,2,12,5.963393211364746,24.444409888657315
5,2,13,7.163039207458496,28.28075146314738
5,2,14,2.856274366378784,20.346701224828113
5,2,15,4.540333271026611,15.852437483551919
5,2,16,0.3366908133029938,9.453818656755809
5,2,17,4.4168314933776855,25.20098652195361
5,2,18,3.160351514816284,9.578359180966716
5,2,19,4.641585350036621,19.066590717582336
5,2,20,5.262000560760498,21.477177771743253
5,2,21,2.3534934520721436,11.338153562035092
5,2,22,5.352375030517578,25.774187006001032
5,2,23,2.546273708343506,21.834785160783657
5,2,24,1.8061171770095825,16.044150473125615
5,3,0,5.696259021759033,26.51261054793372
5,3,1,3.6523239612579346,26.999215573819225
5,3,2,4.105678558349609,25.686947559068667
5,3,3,3.857574224472046,21.43214104847845
5,3,4,2.148411989212036,21.846072530543463
5,3,5,5.817699909210205,26.919398056034215
5,3,6,0.63885897397995,13.988567589047829
5,3,7,0.5924889445304871,10.251564464734608
5,3,8,3.745248794555664,17.942421267962448
5,3,9,3.304764986038208,23.129200156995136
5,3,10,1.801061987876892,19.641854016340176
5,3,11,0.9516856074333191,14.25868790120825
5,3,12,5.963393211364746,26.774926096638787
5,3,13,7.163039207458496,28.846245786862696
5,3,14,2.856274366378784,21.520459044144555
5,3,15,4.540333271026611,17.651679441610508
5,3,16,0.3366908133029938,13.968109320982911
5,3,17,4.4168314933776855,25.05210147045428
5,3,18,3.160351514816284,15.861471343899952
5,3,19,4.641585350036621,21.71688039952123
5,3,20,5.262000560760498,23.58955622910142
5,3,21,2.3534934520721436,14.879976353780355
5,3,22,5.352375030517578,28.914238760946137
5,3,23,2.546273708343506,22.14335052362468
5,3,24,1.8061171770095825,15.849098040311514
6,1,0,5.205405235290527,23.541613805480843
6,1,1,3.102804660797119,18.17311350438772
6,1,2,5.98809289932251,30.467617166440522
6,1,3,5.051047325134277,23.910823449378395
6,1,4,2.8644533157348633,17.317367144978604
6,1,5,7.196707725524902,30.05286175244745
6,1,6,1.079131841659546,6.443052397298654
6,1,7,0.5550127625465393,1.0792161147131143
6,1,8,2.3520209789276123,5.044804103892962
6,1,9,3.439110279083252,17.52385981574256
6,1,10,2.4400506019592285,11.866803040595933
6,1,11,1.2017711400985718,5.982838246610669
6,1,12,4.039505958557129,16.891602437606572
6,1,13,8.582990646362305,32.04032455299006
6,1,14,2.411095142364502,14.517252688107057
6,1,15,4.515691757202148,11.384455848258076
6,1,16,0.20097047090530396,0.8597733354721024
6,1,17,5.353893280029297,24.79429900569068
6,1,18,3.4515771865844727,6.13534295426946
6,1,19,3.356954336166382,18.908769524784162
6,1,20,6.481382846832275,28.698552813578424
6,1,21,1.824026107788086,9.277989286751636
6,1,22,6.863789081573486,31.51994636802177
6,1,23,3.397132396697998,20.21221563531994
6,1,24,2.615177869796753,10.147720652246747
6,2,0,5.205405235290527,27.696454049111257
6,2,1,3.102804660797119,21.68472069952496
6,2,2,5.98809289932251,32.98765379250811
6,2,3,5.051047325134277,26.721443120852165
6,2,4,2.8644533157348633,20.627468631855997
6,2,5,7.196707725524902,31.77207455737959
6,2,6,1.079131841659546,13.16020262866568
6,2,7,0.5550127625465393,9.567153895218011
6,2,8,2.3520209789276123,15.276437824712431
6,2,9,3.439110279083252,21.454200400941303
6,2,10,2.4400506019592285,17.799734152190922
6,2,11,1.2017711400985718,13.003842299519834
6,2,12,4.039505958557129,20.598874463193145
6,2,13,8.582990646362305,33.68783155854926
6,2,14,2.411095142364502,19.574297872644916
6,2,15,4.515691757202148,16.09884533266041
6,2,16,0.20097047090530396,13.176850706115252
6,2,17,5.353893280029297,30.315936902451778
6,2,18,3.4515771865844727,12.230188659560305
6,2,19,3.356954336166382,22.112418352820576
6,2,20,6.481382846832275,29.683031119240184
6,2,21,1.824026107788086,12.912584279053975
6,2,22,6.863789081573486,32.69771963211846
6,2,23,3.397132396697998,22.362579478617846
6,2,24,2.615177869796753,13.957636361252888
6,3,0,5.205405235290527,26.313081059869848
6,3,1,3.102804660797119,22.71810387449498
6,3,2,5.98809289932251,31.438481400871908
6,3,3,5.051047325134277,26.43034449929782
6,3,4,2.8644533157348633,21.259021953144902
6,3,5,7.196707725524902,33.369390694940215
6,3,6,1.079131841659546,14.06045178226109
6,3,7,0.5550127625465393,9.580728547301103
6,3,8,2.3520209789276123,13.99966757243442
6,3,9,3.439110279083252,22.08454187313139
6,3,10,2.4400506019592285,20.367638504308434
6,3,11,1.2017711400985718,12.419459769129704
6,3,12,4.039505958557129,20.602937862935576
6,3,13,8.582990646362305,34.547516318674234
6,3,14,2.411095142364502,18.731018223822534
6,3,15,4.515691757202148,16.365884121731327
6,3,16,0.20097047090530396,16.528982890384544
6,3,17,5.353893280029297,28.47875398803356
6,3,18,3.4515771865844727,12.873792276865842
6,3,19,3.356954336166382,22.749888660871097
6,3,20,6.481382846832275,31.505844300663586
6,3,21,1.824026107788086,13.403908549534977
6,3,22,6.863789081573486,33.772599855157175
6,3,23,3.397132396697998,23.298609299966813
6,3,24,2.615177869796753,16.779991514728934
7,1,0,4.3062591552734375,18.805792642536037
7,1,1,4.239025592803955,19.5654107509033
7,1,2,5.714650630950928,27.501312779390073
7,1,3,4.703464508056641,22.204550281927716
7,1,4,3.0166358947753906,16.336483917511423
7,1,5,7.404127597808838,29.94953947143063
7,1,6,1.084133267402649,5.728539597844486
7,1,7,0.40027695894241333,1.1664413620607332
7,1,8,3.191584587097168,6.114639550578276
7,1,9,4.878481864929199,21.24073140582256
7,1,10,2.380739212036133,11.333555406376856
7,1,11,1.1508926153182983,4.969383727152246
7,1,12,3.750692129135132,16.770215944413643
7,1,13,7.671764850616455,28.61162564536158
7,1,14,1.9675315618515015,10.640739720380111
7,1,15,3.6137571334838867,10.620959422421986
7,1,16,0.05474540963768959,0.2613375720496171
7,1,17,6.3170084953308105,26.76110153143516
7,1,18,3.0415759086608887,5.816117012410495
7,1,19,3.3696815967559814,17.246455173874228
7,1,20,6.966119289398193,28.851802606975443
7,1,21,2.067085027694702,9.144588400211205
7,1,22,8.437104225158691,32.95816069572622
7,1,23,4.127767562866211,19.89386434615072
7,1,24,2.7673022747039795,8.171595844001056
7,2,0,4.3062591552734375,21.896472441265367
7,2,1,4.239025592803955,22.98415724743894
7,2,2,5.714650630950928,28.97633079915453
7,2,3,4.703464508056641,25.10276972470493
7,2,4,3.0166358947753906,20.75200744478185
7,2,5,7.404127597808838,32.459445475638326
7,2,6,1.084133267402649,14.633612289608404
7,2,7,0.40027695894241333,8.509073687656763
7,2,8,3.191584587097168,14.267289230690864
7,2,9,4.878481864929199,24.05203455450157
7,2,10,2.380739212036133,21.282818034881082
7,2,11,1.1508926153182983,11.94125482914301
7,2,12,3.750692129135132,20.589893031979535
7,2,13,7.671764850616455,30.055333288486942
7,2,14,1.9675315618515015,15.733387254094545
7,2,15,3.6137571334838867,16.054675144459967
7,2,16,0.05474540963768959,16.123435720818296
7,2,17,6.3170084953308105,30.096619719740744
7,2,18,3.0415759086608887,8.793643771291125
7,2,19,3.3696815967559814,20.07710433324993
7,2,20,6.966119289398193,30.280440722222508
7,2,21,2.067085027694702,12.616076044311852
7,2,22,8.437104225158691,32.799383539128826
7,2,23,4.127767562866211,21.915644439336166
7,2,24,2.7673022747039795,19.245844404844096
7,3,0,4.3062591552734375,22.76236598369733
7,3,1,4.239025592803955,24.125393404742518
7,3,2,5.714650630950928,30.545061686908266
7,3,3,4.703464508056641,24.133440982023522
7,3,4,3.0166358947753906,22.835810543181132
7,3,5,7.404127597808838,33.824162585485766
7,3,6,1.084133267402649,17.221043262668132
7,3,7,0.40027695894241333,9.921867695002232
7,3,8,3.191584587097168,12.94564194567972
7,3,9,4.878481864929199,25.71663303863377
7,3,10,2.380739212036133,18.37607784094327
7,3,11,1.1508926153182983,13.630825092421784
7,3,12,3.750692129135132,20.0826751896613
7,3,13,7.671764850616455,31.677079693836795
7,3,14,1.9675315618515015,17.67436156246174
7,3,15,3.6137571334838867,15.923518012779724
7,3,16,0.05474540963768959,15.54199583848724
7,3,17,6.3170084953308105,28.32236091729797
7,3,18,3.0415759086608887,11.02421263220899
7,3,19,3.3696815967559814,20.10371059499962
7,3,20,6.966119289398193,31.104402030638585
7,3,21,2.067085027694702,13.695904664001926
7,3,22,8.437104225158691,37.28515604537716
7,3,23,4.127767562866211,23.45173526029044
7,3,24,2.7673022747039795,19.07439514241089
8,1,0,5.232491493225098,22.747350517508764
8,1,1,2.9889984130859375,15.247740531258845
8,1,2,5.427456378936768,27.348071087144337
8,1,3,4.704376697540283,23.259160031923443
8,1,4,2.9041690826416016,17.20851077280013
8,1,5,6.621786117553711,27.368807715028208
8,1,6,0.7413411736488342,3.4460784683459487
8,1,7,0.4291355013847351,1.5059793031189803
8,1,8,2.9427907466888428,6.646973355690526
8,1,9,3.3570539951324463,17.333387423699907
8,1,10,1.679736852645874,8.318256421424993
8,1,11,1.0388237237930298,4.419943451670711
8,1,12,3.71571946144104,17.30468485468377
8,1,13,8.161212921142578,31.08219300770087
8,1,14,1.7731989622116089,10.104732243285623
8,1,15,3.7240402698516846,10.914561604998017
8,1,16,0.5580261945724487,2.1365806074659828
8,1,17,5.540604591369629,25.183125686378517
8,1,18,2.9518704414367676,5.072988124503402
8,1,19,3.238907814025879,17.132801812582166
8,1,20,6.75809383392334,28.234546857183112
8,1,21,1.9244823455810547,9.118368168785654
8,1,22,7.266262531280518,32.062025992475704
8,1,23,3.7928953170776367,20.501630764738493
8,1,24,3.2338149547576904,11.608711891181594
8,2,0,5.232491493225098,24.853755601125332
8,2,1,2.9889984130859375,21.12461356086078
8,2,2,5.427456378936768,30.70491009441731
8,2,3,4.704376697540283,25.210044142833105
8,2,4,2.9041690826416016,20.892433424904397
8,2,5,6.621786117553711,29.786367034816656
8,2,6,0.7413411736488342,12.163204449505432
8,2,7,0.4291355013847351,8.92320420606985
8,2,8,2.9427907466888428,13.093985981055209
8,2,9,3.3570539951324463,21.562696019263004
8,2,10,1.679736852645874,18.267502844019212
8,2,11,1.0388237237930298,9.779318134276373
8,2,12,3.71571946144104,20.468969911748047
8,2,13,8.161212921142578,32.24691497477898
8,2,14,1.7731989622116089,16.98107754616609
8,2,15,3.7240402698516846,14.053457379116379
8,2,16,0.5580261945724487,13.59284973671245
8,2,17,5.540604591369629,27.486026057216215
8,2,18,2.9518704414367676,11.030429712330879
8,2,19,3.238907814025879,21.305615697602036
8,2,20,6.75809383392334,29.545146986420946
8,2,21,1.9244823455810547,12.168079102629616
8,2,22,7.266262531280518,32.95358989418395
8,2,23,3.7928953170776367,22.79545730041747
8,2,24,3.2338149547576904,18.51536787796154
8,3,0,5.232491493225098,26.0639331890114
8,3,1,2.9889984130859375,22.04070815926996
8,3,2,5.427456378936768,30.90412202766455
8,3,3,4.704376697540283,29.036904891932352
8,3,4,2.9041690826416016,21.63727410880065
8,3,5,6.621786117553711,31.14257512396113
8,3,6,0.7413411736488342,12.004855762967269
8,3,7,0.4291355013847351,9.769952166312343
8,3,8,2.9427907466888428,14.917411799795818
8,3,9,3.3570539951324463,21.503778879618242
8,3,10,1.679736852645874,18.597317803709963
8,3,11,1.0388237237930298,13.376675794915029
8,3,12,3.71571946144104,21.623071485313652
8,3,13,8.161212921142578,32.30076778668543
8,3,14,1.7731989622116089,17.17972924477648
8,3,15,3.7240402698516846,16.9503489950705
8,3,16,0.5580261945724487,14.950576740482184
8,3,17,5.540604591369629,27.766725190991306
8,3,18,2.9518704414367676,11.981264110988691
8,3,19,3.238907814025879,20.492382588186885
8,3,20,6.75809383392334,30.07722096855702
8,3,21,1.9244823455810547,14.353979514590142
8,3,22,7.266262531280518,34.62688961450335
8,3,23,3.7928953170776367,24.239659572514757
8,3,24,3.2338149547576904,18.240522876405915
9,1,0,4.042256832122803,18.994661886324305
9,1,1,2.891965627670288,17.98946496173177
9,1,2,5.809638977050781,31.533940513308433
9,1,3,7.534619331359863,35.45314049415704
9,1,4,4.362372875213623,18.51508190791066
9,1,5,8.969212532043457,37.393288925161755
9,1,6,1.0762490034103394,4.209375888113539
9,1,7,0.5390354990959167,1.0284612691260109
9,1,8,3.015047073364258,6.657386933418397
9,1,9,3.2079262733459473,16.61785505681925
9,1,10,2.678823709487915,14.022592571168579
9,1,11,1.6887011528015137,4.005502968588598
9,1,12,3.8436715602874756,18.98778502681683
9,1,13,7.773160457611084,28.853057054100653
9,1,14,4.753569602966309,16.378667289724767
9,1,15,3.3654627799987793,10.454381026230179
9,1,16,0.6712954044342041,3.1166147265126667
9,1,17,4.891427040100098,26.643512719225505
9,1,18,4.025001525878906,6.790667626167697
9,1,19,2.9383935928344727,17.201205473063872
9,1,20,8.074042320251465,37.67530962152966
9,1,21,1.9678137302398682,9.137396765672394
9,1,22,5.737504482269287,29.496130738041302
9,1,23,3.364889621734619,21.57308249146593
9,1,24,2.243239641189575,7.082058990138032
9,2,0,4.042256832122803,22.508047063598998
9,2,1,2.891965627670288,21.91210859159126
9,2,2,5.809638977050781,35.185635288624
9,2,3,7.534619331359863,36.73193247409194
9,2,4,4.362372875213623,22.299686802601972
9,2,5,8.969212532043457,39.0094420911864
9,2,6,1.0762490034103394,12.839884749516226
9,2,7,0.5390354990959167,9.189010807301253
9,2,8,3.015047073364258,15.775016172857201
9,2,9,3.2079262733459473,22.53102651371479
9,2,10,2.678823709487915,18.984498777888668
9,2,11,1.6887011528015137,12.278893475211271
9,2,12,3.8436715602874756,22.192633924081235
9,2,13,7.773160457611084,29.794019429241164
9,2,14,4.753569602966309,21.971485038229808
9,2,15,3.3654627799987793,17.759636640526058
9,2,16,0.6712954044342041,9.648404684281239
9,2,17,4.891427040100098,28.785286387360188
9,2,18,4.025001525878906,10.571312472909991
9,2,19,2.9383935928344727,20.969684335554803
9,2,20,8.074042320251465,38.10890573460569
9,2,21,1.9678137302398682,13.281744590974592
9,2,22,5.737504482269287,30.48430692585941
9,2,23,3.364889621734619,24.670372074631977
9,2,24,2.243239641189575,12.088647204520097
9,3,0,4.042256832122803,23.47501034802421
9,3,1,2.891965627670288,21.759412110184858
9,3,2,5.809638977050781,34.43990321696259
9,3,3,7.534619331359863,37.299275621841005
9,3,4,4.362372875213623,22.516983743049725
9,3,5,8.969212532043457,39.12347584641078
9,3,6,1.0762490034103394,11.04452312636753
9,3,7,0.5390354990959167,11.279570985576195
9,3,8,3.015047073364258,14.56286568243921
9,3,9,3.2079262733459473,23.623438223427463
9,3,10,2.678823709487915,22.20779908797878
9,3,11,1.6887011528015137,16.454531820493727
9,3,12,3.8436715602874756,23.22116170811053
9,3,13,7.773160457611084,31.645618818877402
9,3,14,4.753569602966309,22.30583608579441
9,3,15,3.3654627799987793,14.583555267098474
9,3,16,0.6712954044342041,14.856878959491869
9,3,17,4.891427040100098,29.542487114694236
9,3,18,4.025001525878906,14.156609469601282
9,3,19,2.9383935928344727,21.433861782427428
9,3,20,8.074042320251465,40.27454457135037
9,3,21,1.9678137302398682,13.152916275220822
9,3,22,5.737504482269287,32.94561725463741
9,3,23,3.364889621734619,26.62569802672141
9,3,24,2.243239641189575,16.235562058080923
